ID,メーカー,タイプ,商品名,汁,容量,麺量,熱量,たんぱく質,脂質,炭水化物,食塩_麺かやく,食塩_スープ,ビタミンB1,ビタミンB2,カルシウム
1,日清,カップ,カップヌードル,あり,78,65,351,10.5,14.6,44.5,2.4,2.5,0.19,0.32,105
2,日清,カップ,カップヌードル カレー,あり,87,60,422,9.0,20.4,50.6,2.2,2.2,0.21,0.20,108
3,日清,カップ,カップヌードル シーフードヌードル,あり,75,60,340,8.9,13.6,45.5,2.2,2.5,1.01,0.31,96
4,日清,カップ,カップヌードル チリトマトヌードル,あり,76,60,354,8.4,15.4,45.5,1.7,2.3,1.45,0.25,96
5,日清,カップ,カップヌードル しお,あり,77,60,364,8.5,16.8,44.6,2.2,2.8,0.89,0.25,98
6,日清,カップ,カップヌードル 欧風チーズカレー,あり,85,60,420,8.8,21.9,46.9,2.1,2.3,0.21,0.25,124
7,日清,カップ,カップヌードル 味噌,あり,82,60,385,9.1,18.1,46.5,2.1,2.8,0.19,0.26,171
8,日清,カップ,カップヌードル 辛麺,あり,82,60,379,9.1,17.0,47.4,2.7,3.0,0.74,0.29,106
9,日清,カップ,カップヌードル にんにく豚骨,あり,79,60,382,8.1,19.1,44.3,2.3,2.3,0.63,0.21,95
10,日清,カップ,カップヌードル パクチー香るトムヤムクン,あり,75,60,354,7.8,16.0,44.6,1.7,3.3,0.94,0.24,83
11,日清,カップ,カップヌードル 魚介仕立てのペペロンチーノ,あり,71,60,322,7.7,13.6,42.3,1.8,2.3,0.57,0.24,90
12,日清,カップ,カップヌードル ポルチーニ香るきのこポタージュ,あり,79,60,386,7.7,18.5,47.1,1.9,2.3,0.19,0.22,107
13,日清,カップ,カップヌードル 甘辛コチュジャンのチーズタッカルビ味,あり,84,60,396,9.3,18.3,48.6,2.8,2.8,0.19,0.25,104
14,日清,カップ,カップヌードル ガーリックチーズフォンデュ味,あり,84,60,384,7.8,15.9,52.3,2.3,2.3,0.17,0.21,111
15,日清,カップ,カップヌードル 海老の濃厚トマトクリーム,あり,79,60,377,7.6,17.3,47.6,2.3,2.3,0.18,0.23,96
16,日清,カップ,カップヌードルソルトオフ,あり,79,65,372,9.3,17.0,47.6,1.4,1.8,0.19,0.32,106
17,日清,カップ,カップヌードルPRO 高たんぱく&低糖質,あり,74,60,274,15.2,16.8,35.4,2.1,2.7,0.22,0.40,105
18,日清,カップ,カップヌードルPRO 高たんぱく&低糖質 シーフードヌードル,あり,78,60,298,15.2,18.1,38.4,1.7,2.8,0.58,0.40,107
19,日清,カップ,カップヌードルPRO 高たんぱく&低糖質 チリトマトヌードル,あり,79,60,303,15.7,17.9,38.8,1.5,2.2,0.87,0.36,112
20,日清,カップ,あっさりおいしいカップヌードル,あり,57,50,263,6.6,11.2,34.0,1.4,2.5,0.15,0.20,75
21,日清,カップ,あっさりおいしいカップヌードル カレー,あり,70,50,344,6.5,17.4,40.3,1.3,2.4,0.17,0.21,87
22,日清,カップ,あっさりおいしいカップヌードル シーフード,あり,60,50,276,6.5,11.5,36.7,1.2,2.6,0.73,0.20,70
23,日清,カップ,おだしがおいしいカップヌードル 肉だしうどん,あり,63,50,295,5.9,13.3,37.9,1.4,3.0,0.22,0.28,93
24,日清,カップ,おだしがおいしいカップヌードル 鶏南蛮そば,あり,63,50,285,7.3,11.8,37.3,1.5,3.0,0.25,0.25,108
25,日清,カップ,カップヌードル ミニ,あり,36,30,163,5.0,6.3,21.8,1.0,1.4,0.08,0.10,48
26,日清,カップ,カップヌードルカレー ミニ,あり,43,30,207,4.4,9.4,26.4,1.0,1.1,0.11,0.11,55
27,日清,カップ,カップヌードル シーフードヌードル ミニ,あり,38,30,167,4.9,5.8,23.9,1.1,1.3,0.54,0.11,48
28,日清,カップ,カップヌードル 味噌 ミニ,あり,41,30,191,4.8,8.6,23.7,1.1,1.5,0.10,0.13,86
29,日清,カップ,カップヌードル 牛骨コムタン ビッグ,あり,98,80,457,11.7,20.3,56.9,2.7,3.4,0.60,0.29,126
30,日清,カップ,カップヌードル 激辛味噌 ビッグ,あり,108,80,499,11.6,21.6,64.6,2.8,3.6,0.26,0.35,204
31,日清,カップ,カップヌードル ビッグ,あり,101,85,457,12.7,18.4,60.2,3.0,3.4,0.22,0.35,142
32,日清,カップ,カップヌードル シーフードヌードル ビッグ,あり,104,85,477,11.9,20.2,61.8,2.9,3.5,1.01,0.34,135
33,日清,カップ,カップヌードルカレー ビッグ,あり,120,85,588,12.5,29.7,67.7,2.9,2.8,0.30,0.31,156
34,日清,カップ,カップヌードル チリトマトヌードル ビッグ,あり,107,85,487,12.1,19.4,65.9,2.2,2.9,1.93,0.39,145
35,日清,カップ,カップヌードル ねぎ塩カルビ ビッグ,あり,97,80,451,11.3,20.3,55.8,3.5,4.0,0.91,0.33,129
36,日清,カップ,カップヌードル スモークベーコンカリー ビッグ,あり,102,80,481,9.3,22.7,59.8,2.8,3.5,0.23,0.28,124
37,日清,カップ,カップヌードル スタミナ醤油 ビッグ,あり,105,80,492,11.5,21.6,62.8,2.8,3.5,0.23,0.34,133
38,日清,袋,日清ラ王 醤油,あり,101,80,346,8.4,7.7,60.8,2.4,4.1,0.20,0.30,134
39,日清,袋,日清ラ王 味噌,あり,99,80,332,8.7,5.3,62.3,2.0,3.8,0.13,0.19,127
40,日清,袋,日清ラ王 柚子しお,あり,93,80,314,6.8,5.2,59.9,2.0,3.4,0.21,0.30,119
41,日清,袋,日清ラ王 担々麺,あり,95,80,359,8.6,8.2,62.8,2.0,3.5,0.18,0.20,189
42,日清,袋,日清ラ王 豚骨醤油,あり,100,80,333,8.4,6.4,60.4,2.2,3.2,0.25,0.33,142
43,日清,袋,日清ラ王 ちゃんぽん,あり,91,80,329,7.8,4.6,64.2,2.2,2.9,0.22,0.26,139
44,日清,袋,日清ラ王 冷し中華 醤油だれ,なし,118,80,344,7.9,3.5,70.2,6.4,,0.20,0.28,136
45,日清,袋,日清豚ラ王 アブラ、ニンニク、ショウユ,あり,133,80,439,11.8,15.9,62.1,2.4,7.1,0.30,0.39,263
46,日清,カップ,完全メシ 豚辛ラ王 油そば,なし,121,90,466,20.2,13.2,70.8,3.0,,1.80,1.90,323
47,日清,カップ,日清ドロラ王 ドロ、コッテリ、鶏白湯,あり,125,80,453,13.9,12.1,72.1,2.7,3.5,0.28,0.34,320
48,日清,カップ,日清ラ王 背脂醤油,あり,112,75,412,11.5,13.4,61.4,2.2,4.1,0.22,0.32,139
49,日清,カップ,日清ラ王 濃厚味噌,あり,118,75,422,11.0,11.2,69.2,2.6,3.9,0.24,0.29,165
50,日清,カップ,日清ラ王 麻辣担々,あり,125,75,472,12.1,17.2,67.3,2.4,4.5,0.28,0.39,219
51,日清,カップ,日清ラ王 汁なし担々麺,なし,121,80,501,9.4,19.8,71.3,5.0,,0.24,0.33,206
52,日清,カップ,日清焼そばU.F.O. 濃い濃い魚介豚骨醤油まぜそば,なし,111,85,482,10.7,20.4,63.9,4.9,,0.39,0.42,285
53,日清,カップ,日清焼そばU.F.O.,なし,128,100,556,9.4,20.9,82.6,5.9,,0.47,0.69,167
54,日清,カップ,日清焼そばU.F.O. 濃い濃いたらこ,なし,103,90,477,8.8,20.0,65.4,4.8,,0.42,0.61,146
55,日清,カップ,日清焼そばU.F.O. 濃い濃いだしソース焼そば,なし,113,90,506,8.8,22.4,67.4,4.8,,0.42,0.60,148
56,日清,カップ,日清焼そばU.F.O. 濃い濃いラー油マヨ付き醤油まぜそば,なし,112,85,539,8.0,29.3,60.7,4.5,,0.35,0.49,145
57,日清,カップ,日清焼そばU.F.O.ペロリ かつお節香るだしソース,なし,74,65,320,5.6,10.7,50.4,4.6,,0.24,0.40,109
58,日清,カップ,日清焼そばU.F.O.ペロリ バター香るたらこ味,なし,70,65,295,6.6,8.3,48.4,4.4,,0.22,0.44,93
59,日清,カップ,日清焼そばプチU.F.O.,なし,63,50,278,4.5,10.8,40.7,2.4,,0.24,0.30,95
60,日清,カップ,日清焼そばU.F.O.大盛,なし,167,130,714,12.4,26.3,107.1,7.6,,0.62,0.85,218
61,日清,カップ,日清焼そばU.F.O. 大盛 豚×辛 ,なし,168,130,794,14.0,38.7,97.5,6.8,,0.57,0.75,226
62,日清,袋,チキンラーメン,あり,85,85,377,8.2,14.5,53.6,2.3,3.3,0.61,0.74,278
63,日清,袋,チキンラーメン Mini,あり,20,20,91,2.1,4,11.7,0.5,1.2,0.19,0.19,36
64,日清,袋,お椀で食べるチキンラーメン,あり,31,30,142,3.4,5.6,19.4,0.8,1.3,0.24,0.33,42
65,日清,袋,チキンラーメンキャベサラダ あっさり香味醤油味,なし,40,30,197,3.5,11.3,20.2,2.1,,0.27,0.3,43
66,日清,袋,チキンラーメンもやサラダ こく旨ごま味噌味,なし,44,30,206,3.9,11.7,21.3,2.9,,0.25,0.34,46
67,日清,袋,チキンラーメン豆腐サラダ 鶏旨しおだれ味,なし,40,30,186,3.2,10.3,20,2.8,,0.26,0.34,45
68,日清,袋,0秒チキンラーメン,なし,75,75,362,7.1,16.3,46.7,2.2,,0.61,0.83,286
69,日清,カップ,チキンラーメンどんぶり,あり,85,80,386,9.6,14.9,53.3,2.3,3,0.26,0.4,132
70,日清,カップ,チキンラーメンの油そば,あり,100,80,477,8.9,26.1,51.5,5.7,,0.13,0.17,131
71,日清,カップ,チキンラーメンどんぶりミ,あり,38,36,177,4.1,7.5,23.2,1.1,1.4,0.13,0.18,59
72,日清,袋,お椀で食べるどん兵衛 ゆず仕立てうどん,あり,30,28,141,2.6,6,19.1,0.7,1.4,0.04,0.04,46
73,日清,袋,お椀で食べるどん兵衛 カレーうどん,あり,33,28,154,3,6.5,20.9,0.8,1.3,0.11,0.07,56
74,日清,袋,お椀で食べるどん兵衛 ゆず香る鯛だしおそうめん,あり,32,28,146,3.1,5.9,20.1,0.8,1.2,0.06,0.08,57
75,日清,カップ,日清の汁なしどん兵衛 豚ニンニクまぜうどん,なし,97,74,435,7.3,20.7,54.9,3.9,,0.21,0.26,135
76,日清,カップ,日清のどん兵衛 きつねうどん [東],あり,96,74,421,9.9,17.4,56.1,1.7,3.3,0.2,0.22,203
77,日清,カップ,日清のどん兵衛 きつねうどん [西],あり,95,74,413,9.1,17.1,55.7,1.6,3.6,0.19,0.18,214
78,日清,カップ,日清のどん兵衛 天ぷらそば [東],あり,100,72,487,9.9,24.3,57.2,1.5,3.9,0.28,0.29,145
79,日清,カップ,日清のどん兵衛 天ぷらそば [西],あり,100,72,486,10.3,24.6,55.9,1.5,4,0.24,0.25,149
80,日清,カップ,日清のどん兵衛 鴨だしそば,あり,105,72,412,10.6,18.9,49.8,1.7,4.5,0.32,0.38,123
81,日清,カップ,日清のどん兵衛 かき揚げ天ぷらうどん,あり,97,70,458,8,21,59.2,1,3.3,0.18,0.22,175
82,日清,カップ,日清のどん兵衛 肉うどん,あり,87,70,388,7.5,15.6,54.4,1.1,3.8,1.23,0.26,158
83,日清,カップ,日清のどん兵衛 きつねそば,あり,89,66,400,11.7,16.3,51.6,1.7,3.7,0.23,0.27,155
84,日清,カップ,日清のどん兵衛 カレーうどん,あり,87,66,382,8,14.4,55,2.3,3.4,0.89,0.25,170
85,日清,カップ,日清のどん兵衛 鶏白湯うどん,あり,85,66,416,7.7,21,49,1.5,3,0.25,0.34,179
86,日清,カップ,日清のどん兵衛 赤鬼紅生姜天そば,あり,91,66,449,8.6,23.3,51.1,2.1,3.1,0.26,0.24,134
87,日清,カップ,日清のどん兵衛 豚汁うどん,あり,98,66,401,8.3,17.3,53.1,1.3,3.7,0.29,0.34,150
88,日清,カップ,日清のどん兵衛 シビ辛麻辣うどん,あり,83,66,390,7.8,18.7,47.7,1.5,4,0.48,0.23,162
89,日清,カップ,日清の最強どん兵衛 きつねうどん,あり,93,66,410,9.8,17.2,53.9,2.5,3.6,0.17,0.21,203
90,日清,カップ,日清の最強どん兵衛 かき揚げそば,あり,101,66,494,10,25.7,55.7,2,4.5,0.3,0.32,154
91,日清,カップ,日清のどんどん兵衛 沖縄風そば,あり,79,66,348,7.5,13.9,48.2,2.1,3.3,0.23,0.27,124
92,日清,カップ,日清のどん兵衛 きつね焼うどん,なし,105,90,463,8.4,20.6,61.1,3.5,,0.24,0.29,191
93,日清,カップ,日清の汁なしどん兵衛 釜たま風うどん,なし,106,74,466,6.1,23,58.7,2.9,,0.28,0.33,168
94,日清,カップ,日清のどん兵衛 きつねうどんソルトオフ,あり,96,74,437,9.5,18.6,57.8,1.3,2.2,0.16,0.2,201
95,日清,カップ,日清のあっさりおだしがおいしいどん兵衛 きざみ揚げうどん,あり,68,60,302,5.7,13,40.5,1.4,2.9,0.14,0.16,117
96,日清,カップ,日清のあっさりおだしがおいしいどん兵衛 揚げ玉そば,あり,70,57,315,7.4,13.2,41.7,1.8,2.8,0.22,0.21,107
97,日清,カップ,日清のあっさりおだしがおいしいどん兵衛 肉だしうどん,あり,72,60,323,5.8,13.5,44.5,1.5,3.1,0.36,0.2,116
98,日清,カップ,日清のあっさりおだしがおいしいどん兵衛 温つゆおそうめん,あり,69,60,309,7.2,12.2,42.5,1.6,3.4,0.12,0.15,134
99,日清,カップ,日清のあっさりおだしがおいしいどん兵衛 旨だしカレーうどん,あり,74,60,332,6.3,14.1,45,1.8,2.9,0.51,0.23,126
100,日清,カップ,北のどん兵衛 きつねうどん [北海道],あり,94,76,415,9,17.1,56.3,1.7,3.2,0.2,0.22,187
101,日清,カップ,北のどん兵衛 天ぷらそば [北海道],あり,100,72,482,10,23.1,58.4,1.8,3.8,0.25,0.26,148
102,日清,カップ,北のどん兵衛 鴨だしそば [北海道],あり,94,66,370,9.8,16.2,46.2,1.5,4,0.29,0.33,115
103,日清,カップ,北のどん兵衛 きつねそば [北海道],あり,92,74,413,11,17,54,1.8,3.3,0.25,0.25,143
104,日清,カップ,北のどん兵衛 天ぷらうどん [北海道],あり,95,70,446,7.4,20.9,57,1.3,3.1,0.19,0.18,184
105,日清,カップ,北のどん兵衛 カレーうどん [北海道],あり,86,66,378,7.6,14.1,55.2,1.7,3.6,0.68,0.26,176
106,日清,カップ,日清のどん兵衛 きつねうどんミニ [東],あり,42,33,193,3.9,9.3,23.3,0.8,1.7,0.09,0.09,65
107,日清,カップ,日清のどん兵衛 きつねうどんミニ [西],あり,42,33,195,4.2,9.2,23.8,0.9,1.9,0.11,0.11,66
108,日清,カップ,日清のどん兵衛 天ぷらそばミニ [東],あり,46,33,224,4.6,11.2,26.1,1.1,1.7,0.12,0.11,72
109,日清,カップ,日清のどん兵衛 天ぷらそばミニ [西],あり,46,33,223,4.6,11.1,26.1,1,1.8,0.13,0.11,69
110,日清,カップ,日清のどん兵衛 鴨だしそばミニ,あり,46,33,181,4.7,7.9,22.8,0.8,2.1,0.15,0.17,59
111,日清,カップ,日清のどん兵衛 温つゆおそうめんミニ,あり,35,30,166,3.8,7.5,20.8,0.6,1.8,0.07,0.08,72
112,日清,カップ,日清のどん兵衛 肉うどんミニ,あり,40,33,189,3.3,8.5,24.7,0.6,1.7,0.51,0.1,54
113,日清,カップ,日清のどん兵衛 旨辛チゲうどんミニ,あり,39,33,183,3.3,8.4,23.5,0.9,2.2,0.22,0.27,58
114,日清,カップ,日清のどん兵衛 特盛きつねうどん [東],あり,131,101,565,13.2,22.9,76.5,2.4,5.1,0.24,0.23,307
115,日清,カップ,日清のどん兵衛 特盛きつねうどん [西],あり,130,101,560,12.6,22.2,77.4,2.4,5.2,0.25,0.24,257
116,日清,カップ,日清のどん兵衛 特盛天ぷらそば [東],あり,143,100,709,13.9,36.3,81.6,2.7,4.5,0.35,0.33,239
117,日清,カップ,日清のどん兵衛 特盛天ぷらそば [西],あり,142,100,700,14.4,35.4,81,2.7,4.6,0.32,0.3,227
118,日清,カップ,日清のどん兵衛 特盛かき揚げ天ぷらうどん,あり,138,100,652,11.2,29.4,85.7,1.7,4.1,0.24,0.27,215
119,日清,カップ,日清のスタミナどん兵衛 豚ニンニク味噌うどん,あり,96,70,439,8.1,19,58.8,2.5,4.4,0.37,0.4,136
120,日清,カップ,日清のスタミナどん兵衛 辛豚ニンニクうどん,あり,96,70,437,7.9,18.9,58.9,2.7,4.6,0.27,0.32,138
121,エースコック,カップ,じわとろ　ガリバタチキン味醤油ラーメン,あり,88,70,386,7.9,15.9,52.8,1.1,5.7,0.36,0.43,243
122,エースコック,カップ,わかめラーメン　あの頃の初恋風味　梅しお味,あり,69,60,286,6.5,9.7,44.5,1.7,3.8,0.27,0.32,243
123,エースコック,カップ,わかめラーメン　あの頃の青春風味　柚子しょうゆ味,あり,69,60,288,6.6,10.1,44.1,1.7,3.6,0.28,0.31,221
124,エースコック,カップ,ＣｏＣｏ壱番屋監修　スパイスの刺激　赤カレー焼そば,なし,116,90,487,8.7,20.2,69.4,4,,0.72,0.48,307
125,エースコック,カップ,ＣｏＣｏ壱番屋監修　ビーフの旨み　黒カレーラーメン,あり,92,78,381,8.8,12.1,61.3,1.2,4,0.51,0.43,301
126,エースコック,カップ,タテロング　サンキューわかめラーメン　具だくさん　しょうゆ,あり,91,70,361,9.9,13,54.2,2.2,3.8,0.37,0.46,353
127,エースコック,カップ,スーパーカップ１．５倍　ベビースターラーメン　チキン味,あり,100,90,432,11.6,15.2,62.3,2.1,4.7,0.47,0.57,315
128,エースコック,カップ,（コンビニ限定）スーパーカップ大盛り　いか焼そば,なし,167,130,673,12.7,23.2,103.4,6.9,,0.63,0.75,494
129,エースコック,カップ,ありそうでなかった天津麺　塩,あり,60,50,263,5.6,10,37.6,1.7,2.6,0.24,0.27,188
130,エースコック,カップ,ありそうでなかった天津麺　醤油,あり,59,50,260,5.4,9.6,37.9,1,2,0.23,0.26,210
131,エースコック,カップ,元祖カレータンタン麺　征虎　カレータンタン麺,あり,93,70,371,8.6,10.6,60.3,1.7,4.1,0.35,0.43,286
132,エースコック,カップ,スーパーカップ豚キムチラーメンが転生したら焼そばになった,なし,106,90,506,8.4,23.5,65.3,4.1,,0.34,0.42,322
133,エースコック,カップ,スーパーカップしょうゆラーメンが転生したら焼そばになった,なし,113,90,494,8.7,20.7,68.3,4.4,,0.38,0.43,322
134,エースコック,カップ,スーパーカップ１．５倍　鶏白湯の神　濃厚鶏白湯麺,あり,127,90,534,10.5,23.2,70.7,1.8,5.3,4.74,0.45,467
135,エースコック,カップ,タテ型　飲み干す一杯　東京荻窪　煮干中華そば,あり,66,55,287,6.2,11.2,40.3,1.1,3,0.36,0.4,234
136,エースコック,カップ,タテ型　飲み干す一杯　博多　背脂とんこつラーメン,あり,66,50,336,7.2,19.9,31.9,0.7,2.5,0.22,0.27,211
137,エースコック,カップ,タテ型　飲み干す一杯　名古屋　台湾ラーメン,あり,67,55,283,6.8,10.5,40.3,1.3,3.6,0.35,0.4,231
138,エースコック,カップ,タテ型　飲み干す一杯　京都　背脂醤油ラーメン,あり,68,55,318,6,15.6,38.4,0.9,3.1,0.33,0.38,220
139,エースコック,カップ,タテ型　飲み干す一杯　仙台　辛味噌ラーメン,あり,67,55,283,7.1,9.8,41.5,1,2.4,0.29,0.34,180
140,エースコック,カップ,タテ型　飲み干す一杯　横浜　豚骨醤油ラーメン,あり,68,55,303,6,12.6,41.5,1,2.5,0.26,0.33,174
141,エースコック,カップ,タテ型　飲み干す一杯　札幌　海老味噌ラーメン,あり,67,55,284,6.4,9.8,42.6,1.1,2.5,0.35,0.33,188
142,エースコック,カップ,タテ型　飲み干す一杯　尾道　背脂醤油ラーメン,あり,67,55,298,6.2,13.3,38.4,1.2,3.5,0.35,0.39,220
143,エースコック,カップ,濃い味好きのための　濃厚チーズカレー味ラーメン,あり,96,70,409,7.8,15,60.8,1.9,4.7,0.53,0.45,292
144,エースコック,カップ,塩焼そばモッチッチ　ふわり鰹だし,なし,97,85,404,8.1,13.2,63.1,4.1,,,,232
145,エースコック,カップ,焼そばモッチッチ,なし,99,85,399,8.2,12.2,64.2,4.4,,,,221
146,エースコック,カップ,一度は食べたい名店の味ＰＲＥＭＩＵＭ　ぜんや 黄金色の塩ラーメン,あり,101,65,314,9.6,7.3,52.5,1.6,5.5,,,233
147,エースコック,カップ,スーパーカップ１．５倍　野菜タンメン,あり,108,90,448,9,12.9,73.9,2.3,4.6,0.37,0.48,356
148,エースコック,カップ,スーパーカップ１．５倍　豚キムチラーメン,あり,107,90,465,9.1,17.1,68.6,1.7,5,0.38,0.43,315
149,エースコック,カップ,みんテレ×スーパーカップ１．５倍　森本稀哲考案　海老だし塩ラーメン,あり,120,90,447,9.7,16.1,65.8,1.8,4.5,0.4,0.49,378
150,エースコック,カップ,タテロング　飲み干す一杯　贅沢担担麺,あり,103,70,510,12.9,27.9,51.8,1.5,3.6,0.39,0.47,398
151,エースコック,カップ,スーパーカップ大盛り　鬼辛焼そばＲＥＤ,なし,173,130,717,13.3,28.9,100.9,6.6,,0.71,0.77,434
152,エースコック,カップ,タテ型　飲み干す一杯　鴨だし中華そば,あり,72,55,293,6.3,11.6,40.8,1.3,2.5,,,16
153,エースコック,カップ,タテ型　飲み干す一杯　味噌バター味ラーメン,あり,67,55,308,5.9,13.5,40.8,1.1,3,0.42,0.24,171
154,エースコック,カップ,タテ型　飲み干す一杯　担担麺,あり,76,55,333,9.5,14.5,41,1.6,3,0.34,0.29,273
155,エースコック,カップ,カレーヌードル,あり,69,50,324,5.7,15,41.6,1.5,2.6,0.23,0.29,253
156,エースコック,カップ,シュリンプヌードル,あり,56,50,242,5.9,8.3,35.8,1.4,2.4,0.22,0.28,231
157,エースコック,カップ,ロカボデリ　リンガーハットの長崎ちゃんぽん　糖質オフ,あり,85,57,290,10.1,10.5,44.3,1.7,4.4,,,
158,エースコック,カップ,ロカボデリ　ＣｏＣｏ壱番屋監修カレーラーメン　糖質オフ,あり,72,57,219,10.2,3.2,46.4,1.9,3.6,,,
159,エースコック,袋,（袋）ワンタンメン　豚骨しょうゆ,あり,94,88,441,9.5,20.5,54.5,1.3,3.7,0.51,0.51,320
160,エースコック,袋,（袋）ワンタンメン,あり,95,88,430,9.7,17.9,57.5,2.3,4.3,0.57,0.59,375
161,エースコック,カップ,スーパーカップ大盛り　いか天ふりかけ焼そば,なし,161,130,655,11.3,23.7,99,6.6,,0.67,0.71,477
162,エースコック,袋,（袋）ハノイのおもてなし　トムヤムフォー,あり,47,40,161,4.2,0.2,35.5,0.6,2.5,,,
163,エースコック,袋,（袋）ハノイのおもてなし　鶏だしフォー,あり,48,40,175,3.3,2.7,34.4,0.8,3,,,
164,エースコック,カップ,ミニわかめラーメン　ごま・しょうゆ,あり,38,30,162,3.6,6,24.2,0.8,1.7,0.19,0.21,135
165,エースコック,カップ,わかめラーメン　ごま・みそ,あり,78,64,342,6.6,15.4,46.1,1.5,3.9,0.29,0.3,227
166,エースコック,カップ,わかめラーメン　ごま・しょうゆ,あり,93,64,342,8.5,13.9,47.8,1.8,4.2,0.32,0.39,301
167,エースコック,袋,（袋）わかめラーメン　ごま・しょうゆ,あり,88,80,380,8.1,15,54.4,1.6,3.9,0.49,0.44,297
168,エースコック,カップ,スーパーカップMAX　とんこつラーメン,あり,120,100,541,14.4,24.1,66.7,2.6,4,0.44,0.6,559
169,エースコック,カップ,スーパーカップMAX　みそラーメン,あり,138,100,543,12.3,19.3,79.9,2.3,5.2,0.47,0.58,368
170,エースコック,カップ,スーパーカップMAX　しょうゆラーメン,あり,119,100,522,10.2,20.7,73.7,2.6,4.6,0.47,0.53,340
171,エースコック,カップ,もちもちラーメン,あり,112,60,364,7.6,10,61,1.5,4.3,0.29,0.46,235
172,エースコック,カップ,力うどん,あり,99,60,358,7.6,10.2,59,1.7,3.7,0.27,0.3,206
173,エースコック,カップ,勝浦タンタンメン,あり,98,60,356,8,12,54.1,1.5,5.2,,,265
174,エースコック,カップ,どっさり野菜　塩タンメン,あり,60,45,242,5.2,6.8,41.1,1.3,2.6,0.24,0.24,175
175,エースコック,カップ,どっさり野菜　ちゃんぽん,あり,61,45,261,5.8,8.8,40.7,0.9,2.4,0.23,0.25,163
176,エースコック,カップ,ミニワンタンメン　タンメン味,あり,39,30,166,3.6,5.6,25.2,0.7,1.7,0.1,0.14,121
177,エースコック,カップ,ワンタンメンどんぶり　タンメン味,あり,79,64,336,7.3,11.7,50.4,1.6,4.1,0.26,0.31,252
178,エースコック,カップ,ベビースターラーメン　カップめん　ピリ辛チキン味,あり,54,50,224,6.6,6.9,33.9,1.5,3,0.27,0.34,197
179,エースコック,カップ,ベビースターラーメン　カップめん　チキン味,あり,54,50,225,6.5,7.2,33.5,1.3,3.2,0.27,0.36,224
180,エースコック,カップ,まる旨　豚骨ラーメン,あり,58,50,261,5.2,10.4,36.7,0.9,2.1,0.29,0.29,178
181,エースコック,カップ,まる旨　味噌ラーメン,あり,59,50,250,5.9,8.3,37.9,1.3,2.5,0.3,0.27,165
182,エースコック,カップ,まる旨　ワンタン中華そば,あり,58,50,253,5.3,9.3,36.9,1,2.4,0.25,0.29,182
183,エースコック,カップ,まる旨　柚子香るそうめん,あり,50,45,222,5.5,9,29.8,1,2.5,,,167
184,エースコック,カップ,まる旨　カレーうどん,あり,65,50,302,5.1,14.3,38.3,1,2.3,0.19,0.25,133
185,エースコック,カップ,まる旨　小海老天そば,あり,57,50,256,7,10,34.4,0.9,2.3,0.27,0.26,147
186,エースコック,カップ,まる旨　きつねうどん,あり,59,50,253,5.1,8.9,38.2,1.4,2.4,0.21,0.25,126
187,エースコック,カップ,ＥＤＧＥ　濃厚たらこ味焼そば,なし,113,90,492,10.3,19.9,68,4.6,,0.4,0.45,328
188,エースコック,カップ,だしの旨みで減塩　中華そば,あり,43,30,170,3.8,7.2,22.6,0.4,1.2,0.11,0.12,118
189,エースコック,カップ,だしの旨みで減塩　小海老天そば,あり,42,30,169,5.2,7,21.4,0.4,1.2,0.1,0.11,71
190,エースコック,カップ,だしの旨みで減塩　鶏炊きうどん,あり,45,30,190,4.1,8.9,23.3,0.4,1.1,0.1,0.12,99
191,エースコック,カップ,(コンビニ限定）スーパーカップ１．５倍　ブタキムラーメン,あり,113,90,487,10.1,18.7,70.9,2.5,5.4,0.55,0.58,270
192,エースコック,カップ,タテロング　リンガーハットの長崎ちゃんぽん,あり,95,70,375,8.1,12.7,58,1.3,4.9,0.27,0.3,201
193,エースコック,カップ,うまさぎっしり新潟　新潟麻婆麺,あり,65,50,274,5.6,10.7,38.9,1.7,2.3,0.55,0.27,198
194,エースコック,カップ,うまさぎっしり新潟　妙高とん汁ラーメン,あり,58,50,252,6.1,8.8,37.2,1.1,2.3,0.33,0.26,168
195,エースコック,カップ,うまさぎっしり新潟　うんめぇ　三条カレーラーメン,あり,62,50,267,5.9,8.9,40.8,1.3,2.7,0.28,0.27,166
196,エースコック,カップ,スーパーカップミニ　野菜ちゃんぽん,あり,42,30,172,3.7,4.6,29,0.4,2.2,0.14,0.17,116
197,エースコック,カップ,一度は食べたい名店の味ミニ　ぜんや　ホタテだし塩ラーメン,あり,42,30,158,3.7,6,22.2,0.5,2.3,0.16,0.18,102
198,エースコック,カップ,大吉　焼豚しょうゆ,あり,71,60,293,7.2,9.9,43.7,1.4,4.8,0.38,0.44,231
199,エースコック,カップ,スーパーカップミニ　もやしみそラーメン,あり,51,30,193,4.5,7.1,2.7,0.7,2.4,0.16,0.21,99
200,サンヨー食品,袋,サッポロ一番　しょうゆ味,あり,100,92,457,9.9,18,63.9,1.5,4.3,0.33,0.58,233
201,サンヨー食品,袋,サッポロ一番　みそラーメン,あり,100,90,448,10.3,17.2,62.9,1.9,3.9,0.33,0.58,217
202,サンヨー食品,袋,サッポロ一番　塩らーめん,あり,100,91,455,10.1,18.6,61.9,2.2,3.9,0.33,0.58,243
203,サンヨー食品,袋,サッポロ一番　ごま味ラーメン,あり,101,88,457,10.1,18.9,61.5,1.4,4.1,0.33,0.58,239
204,サンヨー食品,袋,サッポロ一番　塩とんこつらーめん,あり,97,80,455,10,21,56.6,1.8,4.3,0.33,0.53,229
205,サンヨー食品,袋,サッポロ一番　みそラーメン　旨辛,あり,102,80,441,9.6,177,60.9,2.2,3.6,0.33,0.59,206
206,サンヨー食品,袋,サッポロ一番　ソースやきそば,なし,120,97,529,11.6,22,71.2,3.6,,0.33,0.62,240
207,サンヨー食品,袋,アラビヤン焼そば,なし,100,91,472,9.8,18.9,65.7,3.1,,0.33,0.58,231
208,サンヨー食品,袋,サッポロ一番　元祖ニュータンタンメン本舗監修　タンタンメン,あり,96,80,416,10.4,14.7,60.4,1.2,3.8,0.33,0.58,205
209,サンヨー食品,カップ,サッポロ一番　しょうゆ味どんぶり,あり,72,63,312,5.9,11.8,45.5,1.7,3.7,0.29,0.55,214
210,サンヨー食品,カップ,サッポロ一番　みそラーメンどんぶり,あり,77,62,334,7.3,12.6,47.8,1.8,3.5,0.32,0.55,241
211,サンヨー食品,カップ,サッポロ一番　塩らーめんどんぶり,あり,75,63,331,6,13.2,47,1.7,3.4,0.3,0.55,227
212,サンヨー食品,カップ,サッポロ一番　ごま味ラーメンどんぶり,あり,76,61,338,6.7,13.9,46.5,1.7,4.1,0.33,0.61,220
213,サンヨー食品,カップ,サッポロ一番　カップスター　醤油,あり,72,60,302,8.6,9.3,45.9,2.2,2.5,0.36,0.58,230
214,サンヨー食品,カップ,サッポロ一番　カップスター　旨塩,あり,76,60,348,6.8,14.8,46.9,1.4,2.9,0.33,0.59,200
215,サンヨー食品,カップ,サッポロ一番　カップスター　味噌,あり,79,60,357,8.2,14.8,47.8,2,3.1,0.33,0.58,228
216,サンヨー食品,カップ,サッポロ一番　カップスター　豚骨,あり,77,55,361,8.8,16.6,44,1.6,2.4,0.33,0.59,221
217,サンヨー食品,カップ,サッポロ一番　カップスター　カリーうどん,あり,82,55,366,6.6,14.9,51.3,1.5,3.2,0.35,0.6,194
218,サンヨー食品,カップ,サッポロ一番　カップスター　海老天そば,あり,68,50,298,8,11.1,41.4,1.6,3,0.33,0.59,
219,サンヨー食品,カップ,サッポロ一番　カップスター　きつねうどん,あり,68,50,300,6.7,11.8,41.8,1.7,3,0.33,0.58,
220,サンヨー食品,カップ,名店の味　純連　札幌濃厚みそ,あり,135,70,514,11.9,23,649,2.5,5.6,,,
221,サンヨー食品,カップ,名店の味　桂花　熊本マー油豚骨,あり,123,70,417,10.5,13.6,63.2,2.3,5.6,,,
222,サンヨー食品,カップ,名店の味　天下一品　京都濃厚鶏白湯,あり,134,75,492,15.1,17.7,68.1,3,5.1,,,
223,サンヨー食品,カップ,サッポロ一番　旅麺　会津・喜多方　醤油ラーメン,あり,86,60,323,7.3,13.7,42.7,1.6,4,0.34,0.58,207
224,サンヨー食品,カップ,サッポロ一番　旅麺　横浜家系　豚骨醤油ラーメン,あり,90,60,332,7,14.1,44.2,1.3,3.9,0.35,0.59,237
225,サンヨー食品,カップ,サッポロ一番　旅麺　京都　背脂醤油ラーメン,あり,87,60,344,7.2,15.5,44,1.4,3.4,0.34,0.58,212
226,サンヨー食品,カップ,サッポロ一番　旅麺　札幌　味噌ラーメン,あり,99,60,371,7.6,16.6,47.7,1.8,4.5,0.33,0.6,238
227,サンヨー食品,カップ,サッポロ一番　旅麺　浅草　ソース焼そば,なし,109,85,491,8.3,23.3,62,3.7,,0.33,0.58,
228,サンヨー食品,カップ,サッポロ一番　オタフクお好みソース味焼そば,なし,127,90,562,8.6,24.7,76.3,3.9,,0.59,0.45,
229,サンヨー食品,カップ,サッポロ一番　塩カルビ味焼そば,なし,109,90,553,10.1,29.1,62.7,3.3,,0.33,0.58,
230,サンヨー食品,カップ,サッポロ一番　しょうゆ味ミニどんぶり,あり,42,30,176,3.1,6.1,27.2,0.8,2.5,0.14,0.24,193
231,サンヨー食品,カップ,サッポロ一番　みそラーメンミニどんぶり,あり,46,30,202,4.4,7.6,28.9,1,2,0.15,0.25,205
232,サンヨー食品,カップ,サッポロ一番　塩らーめんミニどんぶり,あり,41,30,175,3.3,6.2,26.5,0.9,1.7,0.13,0.27,200
233,サンヨー食品,カップ,サッポロ一番　ごま味ラーメンミニどんぶり,あり,44,30,188,3.6,7.1,27.4,1,2.5,0.09,0.21,208
234,サンヨー食品,カップ,サッポロ一番　ポケモンヌードル　しょうゆ味,あり,38,30,155,3.7,4.6,24.6,1.1,2,0.33,0.58,403
235,サンヨー食品,カップ,サッポロ一番　ポケモンヌードル　シーフード味,あり,37,30,151,3.6,4.7,23.6,1.2,2,0.33,0.58,410
236,サンヨー食品,袋,サッポロ一番　みそラーメン　冷やし焙煎ごまだれ仕立て,あり,103,90,475,10.6,18.9,65.5,5.7,,0.26,0.59,220
237,サンヨー食品,袋,サッポロ一番　塩らーめん　冷やし瀬戸内レモン味,あり,101,90,450,10.2,17.5,62.9,6,,0.32,0.63,231
238,サンヨー食品,カップ,サッポロ一番　みそラーメンどんぶり　焙煎ごまだれ仕立て,あり,73,57,328,6.9,14,43.6,1.5,3,0.31,0.55,223
239,サンヨー食品,カップ,サッポロ一番　塩らーめんどんぶり　瀬戸内レモン味,あり,70,58,304,5.7,11.4,44.7,1,3.5,0.3,0.53,198
240,サンヨー食品,カップ,ののくら監修　謹製醤油中華そば,あり,91,70,422,7.7,18.9,55.2,1.5,4.2,0.44,0.63,217
241,サンヨー食品,カップ,サッポロ一番　カップスター　スパイシーブラック醤油　タテビッグ,あり,86,65,392,9.8,7.2,49.6,1.8,4.6,,,187
242,サンヨー食品,カップ,にんべん　ゆず香る極鰹だし小海老天そば,あり,66,50,280,8.8,9.6,39.7,1.4,3.3,0.36,0.64,228
243,サンヨー食品,カップ,にんべん　ごま香る極鰹だし肉だしうどん,あり,66,50,302,6.6,13.2,39.3,1.4,3.2,0.35,0.58,206
244,サンヨー食品,カップ,ビャンビャン麺風　西安式旨辛麺,なし,98,70,392,10.7,13.3,57.4,4.5,,0.33,0.58,
245,サンヨー食品,カップ,熱烈中華食堂日高屋監修　中華そば,あり,64,50,276,6.1,11,38.1,1.3,3.5,0.33,0.58,203
246,サンヨー食品,カップ,熱烈中華食堂日高屋監修　野菜たっぷりタンメン,あり,69,50,290,5.3,9.5,45.8,1.7,3.4,0.33,0.58,228
247,サンヨー食品,カップ,元祖ニュータンタンメン本舗監修　タンタンメン,あり,93,70,406,8.3,15.2,59,2.1,4.7,0.34,0.58,216
248,東洋水産,袋,カレーうどん　甘口,あり,101,87,435,8.1,15.5,65.8,2,4,,,182
249,東洋水産,袋,天ぷらそば,あり,93,75,331,11.3,4.7,60.9,2.4,3.5,,,167
250,東洋水産,袋,マルちゃん正麺　醤油味,あり,105,80,333,10.1,4.6,62.8,1.9,3.7,,,179
251,東洋水産,袋,マルちゃん正麺　味噌味,あり,108,80,355,10.3,6.6,63.6,1.6,3.7,,,162
252,東洋水産,袋,マルちゃん正麺　豚骨味,あり,88,75,326,10.9,6.6,55.7,1.5,4.1,,,194
253,東洋水産,袋,マルちゃん正麺　旨塩味,あり,112,80,348,9.7,6.3,63.2,1.6,4.4,,,168
254,東洋水産,袋,マルちゃん正麺　豚骨醤油味,あり,101,80,359,9.8,6.8,64.7,1.6,4.1,,,162
255,東洋水産,袋,マルちゃん正麺　中華そば　和風醤油味,あり,105,75,337,10.7,7.5,56.7,1.5,4.2,,,158
256,東洋水産,袋,マルちゃん正麺 冷し中華,なし,118,80,367,8.1,3.3,76.3,6,,,,189
257,東洋水産,袋,マルちゃん正麺 ごまだれ冷し,なし,120,80,410,8.5,7.9,76.1,5.8,,,,240
258,東洋水産,袋,マルちゃんZUBAAAN! 背脂濃厚醤油,あり,125,80,424,15.1,11.1,66,1.9,5.3,,,175
259,東洋水産,袋,マルちゃんZUBAAAN! 旨コク濃厚味噌,あり,126,80,462,15,15.5,65.5,1.8,5,,,189
260,東洋水産,袋,マルちゃんZUBAAAN! にんにく旨豚醤油,あり,129,80,466,17.7,15,65,1.8,5,,,168
261,東洋水産,袋,冷しラーメン,なし,118,85,377,11.6,2.8,76.4,5.4,,,,189
262,東洋水産,袋,昔ながらの中華そば,あり,108,80,319,9.4,4.5,60.1,2.5,4.1,,,156
263,東洋水産,袋,昔ながらのみそラーメン,あり,106,80,338,10.4,4.8,63.2,2.1,3.3,,,167
264,東洋水産,袋,しょうゆ味ラーメン,あり,100,87,416,10.6,15.8,57.9,1.7,4.2,,,220
265,東洋水産,袋,みそ味ラーメン,あり,100,90,436,11.3,16.9,59.7,1.6,4.3,,,200
266,東洋水産,袋,塩ラーメン,あり,100,91,438,10.3,17.6,59.7,2,4.2,,,210
267,東洋水産,袋,赤みそラーメン,あり,110,80,451,12.5,18.9,57.8,1.6,4.6,,,176
268,東洋水産,袋,スープカレーラーメン,あり,93,80,480,10.2,15.3,57.4,1.5,3.5,,,195
269,東洋水産,袋,屋台十八番　しょうゆ,あり,95,80,399,9.5,15.7,54.8,1.9,3.4,,,171
270,東洋水産,袋,屋台十八番　みそ,あり,92,80,412,10.2,16,56.9,2.1,3.5,,,175
271,東洋水産,袋,屋台十八番　しお,あり,92,80,403,9.8,16.1,54.6,2.1,3.7,,,175
272,東洋水産,袋,屋台十八番　旨辛,あり,93,80,432,9.4,18.8,56.3,2.2,3.5,,,177
273,東洋水産,袋,屋台十八番　なま味しょうゆ,あり,97,80,316,9.3,4.7,59,1.6,3.5,,,155
274,東洋水産,袋,屋台十八番　なま味みそ,あり,105,80,346,10.2,6.3,62,1.8,3.5,,,168
275,東洋水産,袋,屋台十八番　なま味煮干中華そば,あり,109,80,334,10,5.3,61.6,2.4,3.7,,,174
276,東洋水産,袋,ダブルラーメン しょうゆ,あり,182,170,806,20.4,31.2,111,3.4,7.6,,,364
277,東洋水産,袋,ダブルラーメン みそ,あり,186,170,820,21,31.8,112.2,3.2,7.6,,,374
278,東洋水産,袋,ダブルラーメン しお,あり,184,170,816,20.4,32.2,111.2,3.4,7.4,,,386
279,東洋水産,袋,ハイラーメン,あり,83,77,360,7.9,13.4,51.9,1.3,3.8,,,166
280,東洋水産,袋,まんぞくの一杯　しょうゆ,あり,83,77,370,9,14.8,50.1,1.6,3,,,174
281,東洋水産,袋,まんぞくの一杯　みそ,あり,85,77,374,9.6,14.4,51.4,1.6,3.6,,,170
282,東洋水産,袋,まんぞくの一杯　しお,あり,84,77,373,9.2,15,50.4,1.6,3.5,,,176
283,東洋水産,袋,マルちゃん正麺 焼そば,なし,110,80,369,8,6.6,69.4,3.9,,,,176
284,東洋水産,袋,焼そば,なし,100,90,452,9.3,17.3,64.7,3.8,,,,210
285,東洋水産,袋,焼そばやきっぺ,なし,114,93,482,12.2,20,63.3,4.1,,,,205
286,東洋水産,袋,沖縄そば,あり,92,85,403,9.4,13.8,60.4,1.6,3.1,,,202
287,東洋水産,カップ,赤いきつねうどん　東,あり,96,74,432,10.6,19.1,54.4,2.8,3.8,0.31,0.31,172
288,東洋水産,カップ,赤いきつねうどん　西,あり,96,74,436,10.4,20.2,53.2,2.6,3.5,0.31,0.29,183
289,東洋水産,カップ,赤いきつねうどん　関西,あり,96,74,432,10.3,19.1,54.6,2,3.4,0.29,0.3,174
290,東洋水産,カップ,赤いきつねうどん　北海道,あり,96,74,440,10.5,20,54,2,3.6,0.59,0.28,182
291,東洋水産,カップ,赤いきつねうどん でか盛(東向け),あり,136,100,635,15.2,30,76.1,3.3,5,0.38,0.4,224
292,東洋水産,カップ,赤いきつねうどん でか盛(西向け),あり,136,100,635,15.1,30,76.2,3.5,4.8,0.37,0.4,230
293,東洋水産,カップ,赤いきつねうどん ふっくらお揚げ2枚入り (東向け),あり,98,74,439,11.4,20,53.4,2.5,3.7,0.29,0.32,166
294,東洋水産,カップ,赤いきつねうどん ふっくらお揚げ2枚入り (西向け),あり,98,74,439,11.1,19.4,55.1,2.5,3.5,0.29,0.28,173
295,東洋水産,カップ,赤いまめきつねうどん　東,あり,41,33,188,4.3,9.2,22,0.9,1.7,0.13,0.14,74
296,東洋水産,カップ,赤いまめきつねうどん　西,あり,41,33,190,4.2,9.2,22.7,1.1,1.5,0.11,0.13,80
297,東洋水産,カップ,黒い豚カレーうどん,あり,87,66,387,8,16.4,51.8,2,3.5,1.89,0.29,157
298,東洋水産,カップ,黒いまめ豚カレーうどん,あり,43,33,190,3.6,8.2,25.4,1,1.5,0.86,0.13,74
299,東洋水産,カップ,白い力もちうどん,あり,109,66,425,8.3,15.5,63,1.7,3,0.26,0.26,153
300,東洋水産,カップ,あじわい豚汁うどん,あり,109,70,430,10.2,20.4,51.3,1.6,3.9,0.31,0.37,153
301,東洋水産,カップ,濃厚肉だしうどん,あり,44,33,211,3.5,11.2,24.1,0.8,1.3,0.13,0.12,84
302,東洋水産,カップ,だし香るまめ天ぷらうどん,なし,91,69,347,6.8,14.6,47.2,4.3,,0.3,0.36,137
303,東洋水産,カップ,日本うまいもん　吉田のうどん,あり,101,70,405,10.2,15,57.2,2.6,4.5,0.37,0.35,162
304,東洋水産,カップ,バリうま ごぼ天うどん,あり,89,66,407,6.7,18.1,54.4,1.8,3.2,0.25,0.28,169
305,東洋水産,カップ,バリうまごぼ天うどん でか盛,あり,111,90,505,9.2,24.3,62.4,2.4,4.5,0.37,0.37,200
306,東洋水産,カップ,バリうま　まめごぼ天うどん,あり,40,33,186,2.9,9.2,22.9,0.9,1.6,0.12,0.13,72
307,東洋水産,カップ,和庵 一枚お揚げのきつねうどん,あり,85,66,381,9.2,16.6,48.7,1.9,3.2,0.24,0.28,162
308,東洋水産,カップ,和庵 味わい牛肉の肉うどん,あり,80,66,354,7,14.8,48.1,1.6,3.6,0.62,0.29,168
309,東洋水産,カップ,ごつ盛り きつねうどん,あり,108,86,492,11.4,22.7,60.4,2.6,4.5,0.3,0.39,194
310,東洋水産,カップ,うまいつゆ 天ぷらうどん,あり,69,55,321,5.6,17,36.4,1.5,2.2,0.26,0.28,104
311,東洋水産,カップ,うまいつゆ 塩分オフ きつねうどん,あり,69,55,308,6.5,14.4,38.1,0.9,1.7,0.27,0.32,117
312,東洋水産,カップ,緑のたぬき天そば　東,あり,101,72,480,11.2,24.8,52.9,1.9,4,0.37,0.28,152
313,東洋水産,カップ,緑のたぬき天そば　西,あり,101,72,480,11.3,24.7,53.1,2.1,3.8,0.38,0.28,162
314,東洋水産,カップ,緑のたぬき天そば　関西,あり,101,72,479,11.4,24.6,52.9,2,4,0.39,0.3,162
315,東洋水産,カップ,緑のたぬき天そば　北海道,あり,101,72,480,11.2,24.7,53.3,2.1,3.9,0.39,0.32,162
316,東洋水産,カップ,緑のたぬき天そば でか盛(東向け),あり,146,100,725,15.2,41.2,73.4,2.9,4.6,0.52,0.44,219
317,東洋水産,カップ,緑のたぬき天そば でか盛(西向け),あり,146,100,720,15.5,40.2,74.1,2.5,5,0.5,0.4,234
318,東洋水産,カップ,緑のまめたぬき天そば　東,あり,45,34,218,4.5,12.2,22.5,1,1.7,0.14,0.12,72
319,東洋水産,カップ,緑のまめたぬき天そば　西,あり,45,34,218,4.5,12.2,22.6,1.2,1.5,0.14,0.11,72
320,東洋水産,カップ,緑のたぬき天そば ぶ厚い特製天ぷら入り(東向け),あり,105,72,501,11.2,25.8,55.9,2.3,3.5,0.35,0.28,147
321,東洋水産,カップ,緑のたぬき天そば ぶ厚い特製天ぷら入り(西向け),あり,105,72,503,11.8,26.1,55.1,2.3,3.8,0.38,0.29,158
322,東洋水産,カップ,紺のきつねそば,あり,88,65,386,13.6,16.9,44.9,2,3.3,0.39,0.45,158
323,東洋水産,カップ,おそば屋さんのカレー南ばんそば,あり,84,65,359,11.8,15.1,44,1.9,3.8,0.59,0.34,143
324,東洋水産,カップ,おそば屋さんの鴨だしそば,あり,98,65,384,12,18,43.5,1.5,3.9,0.34,0.32,157
325,東洋水産,カップ,おそば屋さんのまめ鴨だしそば,あり,48,34,200,5.5,9.8,22.4,0.8,1.5,0.18,0.17,78
326,東洋水産,カップ,山菜乱切りそば,あり,79,65,350,9.9,14.4,45.1,2.1,3.5,0.31,0.32,142
327,東洋水産,カップ,和庵 一枚天ぷらの天ぷらそば,あり,88,63,421,9.9,21.6,46.8,1.7,3.4,0.31,0.29,141
328,東洋水産,カップ,ごつ盛り 天ぷらそば,あり,114,84,548,12.5,27.6,62.4,1.7,5,0.41,0.41,194
329,東洋水産,カップ,うまいつゆ 肉そば,あり,71,55,320,9.7,14.9,36.8,1.3,2.9,0.31,0.25,121
330,東洋水産,カップ,うまいつゆ 鴨だしそば,あり,71,55,310,9.2,13.3,38.3,1.5,3.2,0.3,0.26,121
331,東洋水産,カップ,うまいつゆ 塩分オフ 天ぷらそば,あり,72,55,317,8.9,15,36.7,1,1.8,0.35,0.35,130
332,東洋水産,カップ,MARUCHAN　QTTA　コクしょうゆ味,あり,78,66,345,9.7,13,47.2,2,2.3,0.6,0.3,172
333,東洋水産,カップ,MARUCHAN QTTA シーフード味,あり,79,66,343,8.7,12.4,49.1,1.7,2.1,0.26,0.3,213
334,東洋水産,カップ,MARUCHAN QTTA コク味噌味,あり,87,66,378,9.8,14.3,52.5,1.9,2.3,0.32,0.37,157
335,東洋水産,カップ,MARUCHAN QTTA 猛烈激辛味,あり,85,66,369,9,14,51.8,1.9,2.2,0.31,0.33,162
336,東洋水産,カップ,MARUCHAN QTTA サワークリームオニオン味,あり,82,61,371,6.6,15.2,52,1.5,1.9,0.3,0.3,139
337,東洋水産,カップ,麺づくり 鶏ガラ醤油,あり,97,65,297,9,5.4,53.1,2,4.2,0.54,0.33,154
338,東洋水産,カップ,麺づくり 合わせ味噌,あり,104,65,337,9.7,8.6,55.3,1.3,4.2,0.25,0.31,166
339,東洋水産,カップ,麺づくり 旨コク豚骨,あり,87,65,344,12.4,9.5,52.3,1.6,3.8,0.27,0.31,174
340,東洋水産,カップ,麺づくり 鶏だし塩,あり,87,65,311,8,7.5,52.9,1.5,4.2,0.26,0.29,148
341,東洋水産,カップ,麺づくり 担担麺,あり,110,65,389,11.1,13.1,56.7,1.8,4,0.27,0.25,231
342,東洋水産,カップ,麺づくり 醤油とんこつ,あり,89,65,317,8.8,7.8,53,2.2,4.1,0.27,0.29,205
343,東洋水産,カップ,マルちゃん正麺 カップ 芳醇こく醤油,あり,119,75,395,13,11.3,60.2,1.9,4.2,0.3,0.4,202
344,東洋水産,カップ,マルちゃん正麺 カップ 香味まろ味噌,あり,129,75,454,13,14.7,67.4,2,3.5,0.25,0.31,194
345,東洋水産,カップ,マルちゃん正麺 カップ うま辛担々麺,あり,126,75,465,13.9,15.9,66.6,2,4.1,0.64,0.37,290
346,東洋水産,カップ,マルちゃん正麺 カップ 辛ニボ,あり,122,75,449,14.4,15.7,62.5,2.2,4.1,0.27,0.38,293
347,東洋水産,カップ,マルちゃん正麺 カップ 濃ニボ,あり,122,70,409,15,11.6,61.1,2,4.9,0.26,0.32,220
348,東洋水産,カップ,でかまる　バリシャキ！もやし味噌ラーメン,あり,160,90,538,11.8,25.6,65.1,2.3,4.5,0.95,0.4,224
349,東洋水産,カップ,ミニまる　コーンみそラーメン　バター風味,あり,49,30,194,5.1,9.2,22.8,1,3,0.14,0.14,71
350,東洋水産,カップ,ミニまる　コク醤油ワンタン麺,あり,46,30,217,4.3,11.4,24.3,0.9,2.3,0.11,0.11,67
351,東洋水産,カップ,ラーメン横綱　豚骨しょう油,あり,115,65,376,14.7,9.7,57.4,1.8,4.6,0.61,0.29,380
352,東洋水産,カップ,麺屋 彩未 札幌味噌らーめん,あり,126,75,453,12.9,14.9,66.9,1.6,4.7,0.3,0.39,164
353,東洋水産,カップ,Ramen FeeL 塩ラーメン,あり,92,70,424,9.9,21.2,48.5,2.2,4.1,0.35,0.33,147
354,東洋水産,カップ,日本うまいもん 青森津軽煮干しラーメン 激にぼ,あり,110,70,353,12.8,8.1,57.1,1.5,4.6,0.24,0.36,220
355,東洋水産,カップ,日本うまいもん 青森味噌カレーミルクラーメン,あり,130,70,442,12.6,14.8,64.6,1.9,5.3,0.25,0.3,208
356,東洋水産,カップ,尾道ラーメン,あり,118,80,534,11.7,28.4,57.9,2.3,4.3,0.35,0.31,186
357,東洋水産,カップ,バリうま　熊本風黒とんこつラーメン,あり,95,70,459,11.4,24.6,48.1,1.9,3.6,0.3,0.3,171
358,東洋水産,カップ,バリうま 長崎ちゃんぽん,あり,86,65,381,8.4,16.3,50.1,1.5,3.8,0.29,0.29,155
359,東洋水産,カップ,バリうま　宮崎風旨辛麺,あり,90,70,442,9.5,23.3,48.5,1.8,2.7,0.34,0.45,144
360,東洋水産,カップ,激めん　ワンタンメン,あり,92,60,388,8.7,18.3,47.1,1.5,3.7,2.38,0.27,129
361,東洋水産,カップ,激めんワンタンメン スタミナ旨辛醤油,あり,97,60,416,10.4,22.5,42.9,1.9,2.5,0.28,0.37,126
362,東洋水産,カップ,激めんワンタンメン　えびみそ味,あり,104,60,424,10.3,21.5,47.2,0.8,4.5,0.25,0.31,125
363,東洋水産,カップ,まめ激めんワンタンメン,あり,37,30,176,3.1,8.7,21.4,0.7,1.5,1.24,0.13,63
364,東洋水産,カップ,ミニ和歌山ラーメン,あり,37,30,166,3.3,7.9,20.5,0.8,1.7,0.13,0.14,74
365,東洋水産,カップ,黄色いまめ博多ラーメン,あり,37,30,171,4,8.7,19.2,0.9,1.5,0.13,0.13,70
366,東洋水産,カップ,ごつ盛り　ワンタン醤油ラーメン,あり,117,90,517,12.5,25,60.4,2,4.2,0.37,0.36,222
367,東洋水産,カップ,ごつ盛り　コーン味噌ラーメン,あり,138,90,579,13.5,31.5,60.3,1.7,5.1,0.42,0.41,235
368,東洋水産,カップ,ごつ盛り　豚骨醤油ラーメン,あり,122,90,543,12.1,28.8,58.8,2.1,5.5,0.37,0.36,207
369,東洋水産,カップ,ごつ盛り　コク豚骨ラーメン,あり,116,90,576,11.5,33.1,57.9,1.4,4.1,2.01,0.34,322
370,東洋水産,カップ,ごつ盛り　塩担々麺,あり,112,90,531,10.5,27.1,61.2,1.8,5.9,0.39,0.38,213
371,東洋水産,カップ,ごつ盛り　ちゃんぽん,あり,114,90,489,9.8,20.3,66.8,1.9,5.2,0.42,0.55,194
372,東洋水産,カップ,ごつ盛り 名古屋台湾ラーメン,あり,115,90,521,12.3,26.5,58.4,2.2,5.5,0.37,0.43,184
373,東洋水産,カップ,ホットヌードル　NEO　醤油,あり,69,60,306,8.6,12.5,39.8,1.8,2.3,0.32,0.28,117
374,東洋水産,カップ,ホットヌードル　NEO　はま塩,あり,70,60,306,9.1,11.8,40.8,1.6,2.6,0.29,0.28,133
375,東洋水産,カップ,ホットヌードル　NEO　担担麺,あり,76,60,339,9.5,14.7,42.1,2.1,2.8,1.33,0.31,144
376,東洋水産,カップ,いつもの一杯 ワンタン麺 中華そば,あり,97,60,394,9.9,20.3,42.8,1.3,3.9,0.56,0.28,116
377,東洋水産,カップ,いつもの一杯 ワンタン麺 鶏だし塩そば,あり,95,60,398,8.6,20.8,44.2,1.2,3.5,0.29,0.32,114
378,東洋水産,カップ,いつもの一杯 ワンタン麺 旨辛麺,あり,79,60,371,8.8,17.8,43.8,0.9,3.1,0.23,0.23,119
379,東洋水産,カップ,昔ながらのソース焼そば,なし,116,90,506,8.4,21.1,70.5,5.5,,0.34,0.37,197
380,東洋水産,カップ,俺の塩　,なし,121,100,584,10.5,30.4,67.1,3.8,,0.64,0.42,206
381,東洋水産,カップ,やきそば弁当,なし,132,100,581,13.1,27.8,69.7,7.4,,0.5,0.51,224
382,東洋水産,カップ,やきそば弁当 ねぎ塩味,なし,115,90,557,12.9,31.7,55,5.5,,0.54,0.43,196
383,東洋水産,カップ,やきそば弁当 ガッツリにんにく醤油味,なし,118,90,539,13,28.1,58.5,6,,0.42,0.42,201
384,東洋水産,カップ,やきそば弁当　コク甘ソース,なし,119,90,486,9.4,18.3,71,5.7,,0.38,0.41,214
385,東洋水産,カップ,やきそば弁当 たらこ味バター風味,なし,111,90,519,9.3,22.8,69.1,5.4,,0.34,0.48,200
386,東洋水産,カップ,やきそば弁当 ちょい辛,なし,119,90,517,12.5,25.2,60.1,5.7,,0.53,0.46,202
387,東洋水産,カップ,大判やきそば弁当,なし,173,130,754,16.6,36,90.8,7.9,,0.63,0.68,277
388,東洋水産,カップ,でっかいやきそば弁当,なし,258,200,1155,26.6,56.2,135.7,10.5,,0.94,0.96,439
389,東洋水産,カップ,焼そばバゴォーン,なし,132,100,558,11.1,24.3,7.37,5.4,,0.5,0.52,185
390,東洋水産,カップ,焼そばバゴォーン 塩バター風味,なし,108,90,526,10.6,27.9,58.2,4.6,,0.76,0.39,216
391,東洋水産,カップ,焼そばバゴォーン　お好みソース味,なし,126,90,575,10.5,31.5,62.4,3.9,,0.41,0.51,189
392,東洋水産,カップ,焼そばバゴォーン ちょい辛,なし,117,90,487,9.9,21.3,63.9,4.7,,0.37,0.41,211
393,東洋水産,カップ,ハッピーターン味焼そば,なし,107,90,490,8.5,20.7,67.4,4.4,,0.37,0.37,182
394,東洋水産,カップ,亀田のカレーせん味焼そば,なし,108,90,520,8.2,25.6,64.2,4,,0.54,0.36,184
395,東洋水産,カップ,マルちゃん正麺 カップ 濃厚こくソース焼そば,なし,132,90,488,10.7,14.3,79.2,4.2,,0.57,0.44,185
396,東洋水産,カップ,マルちゃん正麺 カップ 汁なし担々麺,なし,133,90,526,10.6,19.7,76.5,4.4,,0.32,0.36,239
397,東洋水産,カップ,マルちゃん正麺 カップ まぜそば 魚介豚骨,なし,126,90,484,12.9,16,72,4.6,,0.3,0.37,290
398,東洋水産,カップ,珍々亭 濃厚油そば,なし,125,90,472,11.4,15.9,70.9,4.6,,0.4,0.65,175
399,東洋水産,カップ,富士宮やきそば,なし,165,120,712,16.7,32.8,87.4,5.7,,0.6,0.65,297
400,東洋水産,カップ,ごつ盛り　ソース焼そば,なし,171,130,784,13,39.2,94.9,5.6,,0.53,0.57,275
401,東洋水産,カップ,ごつ盛り　塩焼そば,なし,156,130,734,13.9,36.8,86.9,5.2,,0.5,0.71,273
402,東洋水産,カップ,焼そば名人　ソース焼そば,なし,118,90,494,9.3,20.3,68.4,3.9,,0.39,0.47,218
403,東洋水産,カップ,カップ　沖縄そば,あり,88,74,392,10.1,18.1,47.2,1.5,3.4,0.35,0.33,158
404,東洋水産,カップ,カップ　まめ沖縄そば,あり,39,33,184,4.5,9.2,20.7,0.6,1.7,0.15,0.15,66
405,東洋水産,カップ,縦型ビッグ 沖縄そば,あり,85,70,384,9.9,17.9,45.7,1.7,4.6,0.32,0.27,153
406,東洋水産,カップ,ミニまる　そうめん,あり,37,30,161,3,7.1,21.2,0.9,2.4,0.12,0.12,59
407,東洋水産,カップ,冷しスタミナ肉そぼろそば,なし,90,69,412,11.9,23.9,37.3,3.1,,0.37,0.4,135
408,東洋水産,カップ,うまいつゆ ラー油香るうま辛そば,あり,62,50,302,7.6,16.5,30.7,1,2.7,0.34,0.33,105
409,東洋水産,カップ,凪×海鳴 ニボい豚骨,あり,99,70,449,13.5,23.1,46.7,1.7,4.8,0.36,0.28,416
410,東洋水産,カップ,いつもの一杯 ワンタン麺 醤油豚骨,あり,78,60,367,8.6,17.9,42.9,1.1,3.2,0.26,0.27,125
411,東洋水産,カップ,赤いきつね焼うどん でか盛,なし,140,120,680,11.9,33.5,82.6,5.4,,0.47,0.52,266
412,まるか食品,カップ,ペヤング　超大盛やきそばハーフ＆ハーフカレー,なし,234,,1126,15.9,64.1,121.3,7.1,,,,
413,まるか食品,カップ,ペヤング　ジャーマンポテト風やきそば,なし,119,,548,9.3,29.8,60.7,3,,,,
414,まるか食品,カップ,ペヨング　カレーやきそば,なし,103,,467,7.7,22.4,58.6,3,,,,
415,まるか食品,カップ,ペヨング　イカスミやきそば,なし,103,,467,7.6,22.5,58.4,3,,,,
416,まるか食品,カップ,ペヤング　蕎麦風わさび味,なし,111,,514,8.2,27.9,57.4,3.3,,,,
417,まるか食品,カップ,ペヤング　善光寺御開帳記念 蕎麦風,なし,112,,530,8.7,29,58.6,3,,,,
418,まるか食品,カップ,ペヤング　獄激辛やきそばFinal,なし,119,,558,9.4,29.5,63.6,3.6,,,,
419,まるか食品,カップ,ペヤング　超大盛激辛やきそばマシマシキャベツ,なし,262,,1178,19.4,56.6,147.8,6.6,,,,
420,まるか食品,カップ,ペヤング 獄激辛にんにくやきそば,なし,116,,548,9,28.5,63.8,3.3,,,,
421,まるか食品,カップ,ペヤング 獄激辛担々やきそば,なし,114,,579,9.6,35,56.4,3.3,,,,
422,まるか食品,カップ,ペヤング　超超超超超超大盛やきそばペタマックス,なし,878,,4184,57.1,232.7,465.2,24.6,,,,
423,まるか食品,カップ,ペヤング　獄激辛やきそば,なし,119,,542,9.6,25.9,67.6,3.6,,,,
424,まるか食品,カップ,ペヤング　ソースやきそば超超超大盛ＧＩＧＡＭＡＸ,なし,439,,2142,28.5,120.7,235.3,13.5,,,,
425,まるか食品,カップ,ペヤング 超大盛やきそばハーフ&ハーフ激辛,なし,235,,1067,17.2,48.6,140.3,7.1,,,,
426,まるか食品,カップ,ペヤングソース やきそば,なし,120,,544,8.9,27.6,64.9,3.6,,,,
427,まるか食品,カップ,ペヤング ソースやきそば超大盛,なし,237,,1081,19,54.3,129.1,6.6,,,,
428,まるか食品,カップ,ペヨング ソースやきそば,なし,106,,456,7.4,20.5,60.5,3,,,,
429,まるか食品,カップ,ペヤング 激辛やきそば,なし,118,,556,8.6,29.1,64.8,3,,,,
430,明星,カップ,チャルメラカップ ワンピース コンソメトマト味,あり,68,55,308,7.1,12,42.8,1.7,2.5,1.14,0.22,92
431,明星,カップ,チャルメラカップ しょうゆ,あり,68,55,313,7.9,13.7,39.5,2,2.4,0.35,0.24,86
432,明星,カップ,チャルメラカップ 宮崎辛麺,あり,67,55,292,7.9,11.2,39.8,2,2.6,0.2,0.19,82
433,明星,カップ,チャルメラカップ 博多バリカタ豚骨,あり,65,50,259,8.6,6.6,41.4,1.7,2.5,0.53,0.23,155
434,明星,カップ,チャルメラカップ みそ,あり,72,55,327,8.7,13.8,42.1,2,2.4,0.2,0.24,87
435,明星,カップ,チャルメラカップ しお,あり,69,55,308,7.7,11.7,43,1.7,2.1,0.25,0.24,85
436,明星,カップ,チャルメラどんぶり 東京貝だし中華そば,あり,74,65,341,7.2,15.1,44.1,1.2,3.2,0.45,0.2,90
437,明星,カップ,チャルメラどんぶり 宮崎辛麺 (みやざきからめん),あり,77,65,358,7.2,16.8,44.6,1,3.5,0.17,0.21,100
438,明星,カップ,チャルメラどんぶり 仙台辛味噌ラーメン,あり,86,65,394,8.5,17.9,49.7,1.6,3,0.17,0.22,109
439,明星,カップ,チャルメラどんぶり 長崎焦がしちゃんぽん,あり,80,65,342,6.3,10.6,55.3,1,3.4,0.16,0.2,114
440,明星,カップ,チャルメラどんぶり 熊本マー油とんこつ,あり,82,65,380,8.8,17.1,47.8,1.7,3.6,0.19,0.21,120
441,明星,カップ,チャルメラどんぶり コーンとんこつラーメン,あり,82,65,374,8.7,16.3,48.1,1.2,4.2,0.17,0.21,221
442,明星,カップ,チャルメラどんぶり にんにくラーメン しょうゆとんこつ味,あり,82,65,385,9.2,17.7,47.1,0.8,3.9,0.17,0.21,220
443,明星,カップ,中華三昧タテ型 赤坂榮林 酸辣湯麺,あり,66,47,248,5.7,4.9,45.2,1.8,3.4,0.17,0.23,
444,明星,カップ,中華三昧タテ型 赤坂璃宮 広東風醤油,あり,64,47,250,6.5,6.2,42,1.7,3.3,0.62,0.24,
445,明星,カップ,中華三昧タテ型 中國料理北京 北京風香塩,あり,64,47,245,5.8,5,44.1,2,2.9,0.17,0.24,
446,明星,カップ,一平ちゃん 豚旨油そば,なし,115,90,531,7.8,26.1,66.3,4.9,,0.33,0.35,133
447,明星,カップ,評判屋 重ねだしわかめ醤油ラーメン,あり,65,55,238,5.9,4.7,42.9,1.5,2.3,0.36,0.2,107
448,明星,カップ,評判屋 重ねだしわんたん塩ラーメン,あり,67,55,237,6.5,3,45.9,1.2,2.8,0.37,0.23,90
449,明星,カップ,評判屋 重ねだしかきたまピリ辛塩ラーメン,あり,63,55,233,5.6,4.5,42.6,0.8,2.7,0.42,0.2,92
450,明星,カップ,評判屋 重ねだしかきたまうどん,あり,73,60,330,6.3,13.7,45.3,1.1,2.1,0.17,0.2,99
451,明星,カップ,評判屋 重ねだし鶏南蛮そば,あり,71,60,322,8.8,13.4,41.5,0.8,2.3,0.24,0.22,107
452,明星,カップ,ロカボNOODLES 野菜たっぷり 醤油,あり,55,40,152,7.6,5.4,33.9,1.7,2.3,,,
453,明星,カップ,ロカボNOODLES 野菜たっぷり タンメン,あり,57,40,169,7.6,6.6,35.8,1.5,2.2,,,
454,明星,カップ,麺神カップ 濃香豚骨,あり,95,70,371,10.1,8.5,63.5,2.2,4.2,0.29,0.35,444
455,明星,カップ,麺神カップ 宮崎辛麺 濃香激辛醤油,あり,94,70,363,9.8,7.7,63.5,3.3,4,0.66,0.39,136
456,明星,カップ,麺神カップ 濃香鶏白湯,あり,98,70,392,10.6,10.9,62.9,2.1,5.6,0.71,0.34,144
457,明星,カップ,麺神カップ 濃香醤油,あり,100,70,397,9.9,10.6,65.4,2.6,4.1,0.31,0.37,154
458,明星,カップ,麺神カップ 濃香味噌,あり,100,70,390,10.9,9.2,66,2.5,3.9,0.29,0.37,130
459,明星,カップ,ぶぶか油そば,なし,163,130,770,10.3,38.1,96.4,5.7,,0.31,0.34,197
460,明星,カップ,辛麺屋輪監修 トマト宮崎辛麺,あり,107,75,371,10.6,7.3,65.6,2,4,0.34,0.39,169
461,明星,カップ,ぶぶか油そば ガチ太,なし,162,130,728,10.7,31.7,100,6.2,,0.34,0.34,225
462,明星,カップ,沖縄そばタテ型,あり,69,55,302,7.1,11.5,42.6,1.6,2.3,0.19,0.24,125
463,明星,カップ,至極の一杯 コク黒とんこつラーメン,あり,67,50,311,8.2,13.7,38.7,1.3,2.6,0.21,0.23,91
464,明星,カップ,The淡麗 らぁ麺や嶋監修 醤油らぁ麺,あり,102,65,359,10.6,9.8,57,2.2,5.7,1.5,0.19,146
465,明星,カップ,麺とスープだけ 琥珀貝だし中華そば,あり,104,65,371,9.6,11,58.5,1.3,5.8,0.31,0.24,137
466,明星,カップ,日本初の拉麺ブームの店 淺草來々軒 醤油らぅめん,あり,90,70,337,8.6,6.1,61.9,2.5,4.1,1.78,0.35,106
467,明星,カップ,大砲ラーメン 明太高菜とんこつ味まぜそば,なし,158,130,695,11.6,29.3,96.2,7.2,,0.32,0.35,180
468,明星,カップ,The淡麗 麺や金時監修 塩わんたん麺,あり,94,65,369,9.1,10.6,59.4,2.6,4.3,,,102
469,明星,カップ,博多バリカタ ネギ豚骨,あり,88,65,351,11.8,9,55.8,2.2,4,0.78,0.35,212
470,明星,カップ,大砲ラーメン 昔ラーメン,あり,128,65,569,12,30.8,60.9,2.2,5.9,0.15,0.22,250
471,明星,カップ,至極の一杯 コク小海老天そば,あり,64,55,289,7.6,11.8,38.2,1.4,2.2,0.25,0.24,89
472,明星,カップ,至極の一杯 コクきつねうどん,あり,65,55,290,6.3,11.6,40.2,1.7,2.6,0.19,0.23,85
473,明星,カップ,至極の一杯 コク塩バター味ラーメン,あり,65,50,294,6.5,12,40,1.4,2.8,0.69,0.23,80
474,明星,カップ,至極の一杯 芳醇コク味噌ラーメン,あり,67,50,307,8,13.4,38.5,1.5,3.1,0.2,0.24,96
475,明星,カップ,至極の一杯 鶏コク醤油ラーメン,あり,66,50,300,7,13.3,38.1,1.3,3.9,0.93,0.24,86
476,明星,カップ,カップ 沖縄そば,あり,84,74,359,7.1,12.5,54.4,2,2.8,0.18,0.19,149
477,明星,カップ,中華三昧タテ型ビッグ 赤坂榮林 トマト酸辣湯麺,あり,98,70,379,9,7.8,68.1,2.9,4,0.26,0.32,123
478,明星,カップ,濃いぜ！一平ちゃんBIG 豚ねぎそば,あり,91,75,398,11,15.2,54.4,2.2,4.1,0.39,0.35,206
479,明星,カップ,濃いぜ！一平ちゃんBIG 豚たまごうどん,あり,90,75,400,8,16,55.9,2.2,3.5,0.3,0.35,163
480,明星,カップ,旨だし屋 かきたま鶏だし塩ラーメン 大盛,あり,96,85,342,10.1,4.7,64.8,2.1,4.6,0.2,0.3,177
481,明星,カップ,旨だし屋 わかめラーメン 大盛,あり,99,85,355,9.2,5.2,67.8,3.1,4.8,0.54,0.29,158
482,明星,カップ,旨だし屋 天ぷらそば 大盛(西向け),あり,116,90,550,12.5,26.1,66.2,2.1,5.5,0.34,0.31,146
483,明星,カップ,旨だし屋 天ぷらそば 大盛(東向け),あり,117,90,553,12.6,26.1,66.9,2.3,5.4,0.34,0.3,146
484,明星,カップ,旨だし屋 きつねうどん 大盛(西向け),あり,110,90,495,10.9,20.9,65.8,2.3,3.9,0.25,0.29,173
485,明星,カップ,旨だし屋 きつねうどん 大盛(東向け),あり,110,90,495,11.1,21.1,65.2,2.2,4,0.25,0.29,173
486,明星,カップ,一平ちゃん夜店の焼そば 焦がしにんにくたまり醤油味,なし,110,90,499,7.5,22,67.8,4.4,,0.39,0.34,136
487,明星,カップ,一平ちゃん夜店の焼そば わさびマヨ 醤油味,なし,114,90,520,9.8,24.7,64.6,4,,0.36,0.35,133
488,明星,カップ,一平ちゃん夜店の焼そば 26種のスパイス香るソース味,なし,119,90,522,9.6,23.2,68.6,4.2,,0.26,0.35,138
489,明星,カップ,一平ちゃん夜店の焼そば,なし,135,100,602,9.9,26.8,80.2,4.6,,0.31,0.35,161
490,明星,カップ,一平ちゃん夜店の焼そば 豚旨塩だれ味,なし,132,100,622,11.5,31.8,72.5,4.5,,0.26,0.36,147
491,明星,カップ,一平ちゃん夜店の焼そば 旨辛明太子味,なし,128,100,583,11.3,27.9,71.7,5,,0.27,0.36,148
492,明星,カップ,評判屋 重ねだしソース焼そば,なし,112,90,493,9.7,20.2,68,2.2,,0.35,0.35,138
493,明星,カップ,評判屋 重ねだし塩焼そば,なし,104,90,488,9.8,22.1,62.5,2.1,,0.32,0.34,135
494,明星,カップ,ロカボNOODLES 野菜たっぷり ソース焼そば,なし,120,90,523,10.3,32.1,61.4,3.6,,,,
495,明星,カップ,みかさ監修 塩焼そば,なし,165,130,735,10.4,32.9,99.4,7,,0.48,0.35,203
496,明星,カップ,一平ちゃん夜店の焼そば 大盛 からあげ 旨塩味,なし,170,130,781,15.3,37,96.6,6.8,,0.36,0.36,209
497,明星,カップ,一平ちゃん夜店の焼そば 大盛 ,なし,175,130,790,11.9,36.4,103.7,6.7,,0.4,0.46,205
498,明星,袋,麺神 宮崎辛麺 濃香激辛醤油,あり,113,90,398,11.5,7.1,72.1,3,5.6,,,155
499,明星,袋,サラダが超絶うまい 冷やしまぜそば 麺屋こころ監修台湾風旨辛味,なし,118,90,434,11.4,10.3,73.9,5.5,,,,
500,明星,袋,サラダが超絶うまい 冷やしまぜそば 信玄監修ごま味噌味,なし,129,90,467,11.7,10.5,81.3,5.1,,,,
501,明星,袋,チャルメラ 宮崎辛麺 ちょい辛しょうゆ味,あり,95,85,432,8.7,17.6,59.6,2.3,3.6,0.34,0.42,164
502,明星,袋,チャルメラ もやしが超絶うまい 辛まぜそば 辛旨ニンニク味,なし,93,85,406,9.4,12.8,63.3,5.1,,0.36,0.4,206
503,明星,袋,チャルメラ もやしが超絶うまい まぜそば ニンニクしょうゆ味,なし,92,85,399,8.4,13.3,61.5,5.1,,0.48,0.4,251
504,明星,袋,評判屋 重ねだしまろやか豚骨ラーメン,あり,85,80,392,8.3,16.3,52.9,1.2,2.2,0.22,0.28,111
505,明星,袋,麺神 濃香醤油,あり,120,90,424,12.8,7.9,75.4,2.4,5.3,,,281
506,明星,袋,麺神 濃香味噌,あり,120,90,419,13.1,7.7,74.3,2.3,6.4,,,182
507,明星,袋,中華三昧 重慶飯店 麻辣火鍋,あり,102,80,366,8.9,6.5,68,3,4.5,,,
508,明星,袋,チャルメラ 宮崎辛麺,あり,96,85,434,8.9,17.5,60.1,2.3,4.1,0.34,0.42,171
509,明星,袋,評判屋 重ねだし味噌ラーメン,あり,86,80,394,8.8,16.4,52.9,1.1,2.4,0.22,0.28,112
510,明星,袋,チャルメラ バリカタ麺豚骨,あり,82,70,303,10.4,5,54.1,1.8,3.6,0.25,0.35,203
511,明星,袋,チャルメラ ちゃんぽん,あり,95,85,415,8.1,14.2,63.6,1.9,4.1,0.33,0.41,245
512,明星,袋,中華三昧 赤坂榮林 酸辣湯麺,あり,103,70,380,11.3,9.8,61.6,1.9,4.3,,,
513,明星,袋,評判屋 重ねだし醤油ラーメン,あり,86,80,395,7.9,16.3,54.1,1.1,2.4,0.22,0.28,112
514,明星,袋,評判屋 重ねだし塩ラーメン,あり,85,80,388,8.2,15.6,53.7,1.2,2.4,0.22,0.27,152
515,明星,袋,チャルメラ 新味,あり,98,90,450,8.6,19.2,60.7,1.9,3.4,0.44,0.42,179
516,明星,袋,チャルメラ しょうゆラーメン,あり,97,90,441,8.5,17.8,61.6,2.1,3.8,0.44,0.42,179
517,明星,袋,チャルメラ みそラーメン,あり,99,90,440,9.6,16.8,62.6,1.8,3.7,0.35,0.45,191
518,明星,袋,チャルメラ 塩ラーメン,あり,99,90,457,9.1,19.1,62.2,2,3.4,0.57,0.43,181
519,明星,袋,沖縄そば,あり,92,85,395,8.7,12.6,61.8,1.4,2.8,0.32,0.29,230
520,明星,袋,中華三昧 赤坂璃宮 涼麺,なし,139,90,463,11.2,6.6,89.8,5.3,,,,
521,明星,袋,中華三昧 赤坂璃宮 広東風醤油,あり,104,80,364,8.4,7.3,66.1,2.1,4.3,,,
522,明星,袋,中華三昧 中國料理北京 北京風香塩,あり,103,80,368,8.1,7.5,67.1,2.2,4.3,,,
523,明星,袋,中華三昧 四川飯店 四川風味噌,あり,103,80,374,8.9,7.9,66.7,2.5,4,,,
524,明星,袋,鉄板焼そば,なし,109,93,481,9.6,18.8,68.4,4.2,,0.31,0.34,220
525,明星,袋,鉄板焼そば かつお風味,なし,100,93,467,9.7,18.3,65.9,3.7,,0.28,0.29,203
